order_date,product,category,region,quantity,unit_price,revenue
2026-06-05,Wireless Mouse,Electronics,Mombasa,4,223.76,895.04
2026-06-05,Notebook Pack,Stationery,Eldoret,2,222.26,444.52
2026-06-05,Ballpoint Pens (Box),Stationery,Mombasa,2,14.38,28.76
2026-06-05,Standing Desk,Furniture,Eldoret,1,154.08,154.08
2026-06-05,Standing Desk,Furniture,Mombasa,7,216.23,1513.61
2026-06-05,Bluetooth Speaker,Electronics,Mombasa,N/A,178.83,178.83
2026-06-05,Ballpoint Pens (Box),Stationery,Mombasa,3,105.37,316.11
2026-06-05,Desk Lamp,Furniture,Nairobi,7,35.15,246.05
2026-06-05,Desk Lamp,Furniture,Nairobi,5,255.01,1275.05
2026-06-06,Office Chair,Furniture,Nairobi,7,292.07,2044.49
2026-06-06,USB-C Hub,Electronics,Eldoret,6,249.67,1498.02
2026-06-06,Standing Desk,Furniture,Mombasa,1,212.85,212.85
2026-06-06,USB-C Hub,Electronics,Nairobi,4,295.64,1182.56
2026-06-06,Ballpoint Pens (Box),Stationery,Mombasa,6,87.0,522.0
2026-06-06,Desk Lamp,Furniture,Nairobi,5,109.8,549.0
2026-06-06,Notebook Pack,Stationery,Mombasa,4,162.57,650.28
2026-06-06,Bluetooth Speaker,Electronics,Kisumu,4,116.94,467.76
2026-06-06,Wireless Mouse,Electronics,Kisumu,1,72.57,72.57
2026-06-06,Ballpoint Pens (Box),Stationery,Eldoret,4,83.98,335.92
2026-06-06,Desk Lamp,Furniture,Nakuru,8,67.72,541.76
2026-06-06,Bluetooth Speaker,Electronics,Mombasa,3,47.15,141.45
2026-06-06,USB-C Hub,Electronics,Eldoret,7,225.37,1577.59
2026-06-06,Ballpoint Pens (Box),Stationery,Eldoret,3,111.79,335.37
2026-06-06,Bluetooth Speaker,Electronics,Nairobi,1,31.82,31.82
2026-06-07,Notebook Pack,Stationery,Eldoret,7,238.66,1670.62
2026-06-07,Office Chair,Furniture,Eldoret,8,118.51,948.08
2026-06-07,USB-C Hub,Electronics,Nairobi,1,291.47,291.47
2026-06-07,USB-C Hub,Electronics,Nairobi,6,231.74,1390.44
2026-06-07,USB-C Hub,Electronics,Nairobi,8,133.26,1066.08
2026-06-07,USB-C Hub,Electronics,Eldoret,3,291.71,875.13
2026-06-07,Office Chair,Furniture,Eldoret,5,261.8,1309.0
2026-06-07,Standing Desk,Furniture,Eldoret,3,50.09,150.27
2026-06-07,Wireless Mouse,Electronics,Nairobi,8,181.69,1453.52
2026-06-07,Office Chair,Furniture,Mombasa,5,279.08,1395.4
2026-06-08,Standing Desk,Furniture,Nairobi,2,264.01,528.02
2026-06-08,Bluetooth Speaker,Electronics,Mombasa,3,245.73,737.19
2026-06-08,Bluetooth Speaker,Electronics,Kisumu,3,284.32,852.96
2026-06-08,Ballpoint Pens (Box),Stationery,Kisumu,4,289.49,1157.96
2026-06-08,Ballpoint Pens (Box),Stationery,Nakuru,6,298.57,1791.42
2026-06-08,Bluetooth Speaker,Electronics,Nairobi,4,40.7,162.8
2026-06-08,Desk Lamp,Furniture,Eldoret,4,11.21,44.84
2026-06-08,Standing Desk,Furniture,,1,7.12,7.12
2026-06-09,Wireless Mouse,Electronics,Eldoret,2,258.59,517.18
2026-06-09,Standing Desk,Furniture,Mombasa,8,87.15,697.2
2026-06-09,Notebook Pack,Stationery,Mombasa,8,218.39,1747.12
2026-06-09,Bluetooth Speaker,Electronics,Nairobi,4,243.21,972.84
2026-06-09,Office Chair,Furniture,Nakuru,6,199.4,1196.4
2026-06-09,Ballpoint Pens (Box),Stationery,Nairobi,1,142.77,142.77
2026-06-09,Wireless Mouse,Electronics,Nairobi,6,123.77,742.62
2026-06-09,Standing Desk,Furniture,Mombasa,8,61.52,492.16
2026-06-09,Ballpoint Pens (Box),Stationery,Mombasa,8,59.13,473.04
2026-06-10,Bluetooth Speaker,Electronics,Nairobi,2,243.37,486.74
2026-06-10,Wireless Mouse,Electronics,Mombasa,4,290.85,1163.4
2026-06-10,Ballpoint Pens (Box),Stationery,Nakuru,4,148.26,593.04
2026-06-10,Wireless Mouse,Electronics,Nakuru,1,53.57,53.57
2026-06-10,USB-C Hub,Electronics,Kisumu,8,278.32,2226.56
2026-06-10,Ballpoint Pens (Box),Stationery,Mombasa,8,210.49,1683.92
2026-06-10,Standing Desk,Furniture,Eldoret,1,92.53,92.53
2026-06-10,Wireless Mouse,Electronics,Nairobi,1,225.65,225.65
2026-06-10,Bluetooth Speaker,Electronics,Nairobi,3,153.34,460.02
2026-06-11,Office Chair,Furniture,Eldoret,2,256.15,512.3
2026-06-11,Office Chair,Furniture,Nakuru,4,204.19,816.76
2026-06-11,Office Chair,Furniture,Eldoret,4,282.77,1131.08
2026-06-11,Wireless Mouse,Electronics,Eldoret,7,187.72,1314.04
2026-06-11,Desk Lamp,Furniture,Kisumu,4,280.74,1122.96
2026-06-11,Standing Desk,Furniture,Kisumu,3,83.36,250.08
2026-06-11,Bluetooth Speaker,Electronics,Nairobi,2,98.27,196.54
2026-06-11,Bluetooth Speaker,Electronics,Nairobi,2,188.24,376.48
2026-06-11,Standing Desk,Furniture,Kisumu,3,154.24,462.72
2026-06-11,Office Chair,Furniture,Kisumu,6,264.38,1586.28
2026-06-11,Notebook Pack,Stationery,Eldoret,5,134.26,671.3
2026-06-11,Wireless Mouse,Electronics,Nairobi,5,202.02,1010.1
2026-06-11,Notebook Pack,Stationery,Eldoret,2,83.02,166.04
2026-06-11,Notebook Pack,Stationery,Kisumu,4,85.34,341.36
2026-06-11,Standing Desk,Furniture,Eldoret,5,207.81,1039.05
2026-06-11,Bluetooth Speaker,Electronics,Nairobi,1,79.08,79.08
2026-06-12,USB-C Hub,Electronics,Mombasa,6,18.01,108.06
2026-06-12,USB-C Hub,Electronics,Eldoret,8,52.67,421.36
2026-06-12,Ballpoint Pens (Box),Stationery,Nairobi,2,170.47,340.94
2026-06-12,Notebook Pack,Stationery,Eldoret,6,165.95,995.7
2026-06-12,Notebook Pack,Stationery,Kisumu,1,131.79,131.79
2026-06-12,Desk Lamp,Furniture,Kisumu,1,270.2,270.2
2026-06-12,Standing Desk,Furniture,Kisumu,2,206.21,412.42
2026-06-12,Ballpoint Pens (Box),Stationery,Mombasa,3,292.28,876.84
2026-06-12,Notebook Pack,Stationery,Nakuru,3,292.98,878.94
2026-06-12,Wireless Mouse,Electronics,Nakuru,6,57.91,347.46
2026-06-12,Standing Desk,Furniture,Nakuru,2,83.71,167.42
2026-06-12,Wireless Mouse,Electronics,Mombasa,4,258.29,1033.16
2026-06-12,Bluetooth Speaker,Electronics,Mombasa,4,108.15,432.6
2026-06-12,Wireless Mouse,Electronics,Kisumu,7,199.71,1397.97
2026-06-13,Office Chair,Furniture,Kisumu,5,290.23,1451.15
2026-06-13,Ballpoint Pens (Box),Stationery,Nairobi,6,205.46,1232.76
2026-06-13,Office Chair,Furniture,Mombasa,5,263.73,1318.65
2026-06-13,USB-C Hub,Electronics,,7,16.29,114.03
2026-06-13,Desk Lamp,Furniture,Nakuru,2,133.74,267.48
2026-06-13,Standing Desk,Furniture,Nairobi,7,80.14,560.98
2026-06-13,Standing Desk,Furniture,Kisumu,2,112.45,224.9
2026-06-13,Desk Lamp,Furniture,Kisumu,2,200.7,401.4
2026-06-13,USB-C Hub,Electronics,Nakuru,6,201.73,1210.38
2026-06-13,USB-C Hub,Electronics,Nakuru,4,168.55,674.2
2026-06-13,Ballpoint Pens (Box),Stationery,Eldoret,3,204.81,614.43
2026-06-13,USB-C Hub,Electronics,Kisumu,1,124.79,124.79
2026-06-14,Standing Desk,Furniture,Nakuru,6,131.82,790.92
2026-06-14,Bluetooth Speaker,Electronics,Eldoret,4,135.44,541.76
2026-06-14,Bluetooth Speaker,Electronics,Nairobi,3,239.15,717.45
2026-06-14,USB-C Hub,Electronics,Nairobi,6,157.06,942.36
2026-06-14,Standing Desk,Furniture,Mombasa,4,203.47,813.88
2026-06-14,Notebook Pack,Stationery,Nakuru,4,12.21,48.84
2026-06-14,Office Chair,Furniture,Nakuru,4,139.35,557.4
2026-06-14,Bluetooth Speaker,Electronics,Nairobi,3,122.9,368.7
2026-06-14,Office Chair,Furniture,Mombasa,4,234.63,938.52
2026-06-14,Bluetooth Speaker,Electronics,Nairobi,4,19.81,79.24
2026-06-14,Bluetooth Speaker,Electronics,Eldoret,8,44.34,354.72
2026-06-14,Desk Lamp,Furniture,Eldoret,8,285.26,2282.08
2026-06-15,Ballpoint Pens (Box),Stationery,Mombasa,8,250.02,2000.16
2026-06-15,Bluetooth Speaker,Electronics,Kisumu,4,137.77,551.08
2026-06-15,Bluetooth Speaker,Electronics,Nakuru,5,189.89,949.45
2026-06-15,Office Chair,Furniture,Kisumu,4,215.5,862.0
2026-06-15,Desk Lamp,Furniture,Mombasa,2,99.31,198.62
2026-06-15,Notebook Pack,Stationery,Mombasa,3,73.22,219.66
2026-06-15,Office Chair,Furniture,Eldoret,6,127.39,764.34
2026-06-15,Bluetooth Speaker,Electronics,Nakuru,4,127.65,510.6
2026-06-15,Ballpoint Pens (Box),Stationery,Eldoret,1,271.93,271.93
2026-06-15,Ballpoint Pens (Box),Stationery,Kisumu,6,145.71,874.26
2026-06-15,Ballpoint Pens (Box),Stationery,Eldoret,7,256.77,1797.39
2026-06-15,Standing Desk,Furniture,Nakuru,5,149.03,745.15
2026-06-15,Bluetooth Speaker,Electronics,Nakuru,6,13.56,81.36
2026-06-15,Notebook Pack,Stationery,Eldoret,3,252.95,758.85
2026-06-15,Wireless Mouse,Electronics,Nairobi,1,272.54,272.54
2026-06-15,Ballpoint Pens (Box),Stationery,Mombasa,8,45.03,360.24
2026-06-16,USB-C Hub,Electronics,Nakuru,4,116.84,467.36
2026-06-16,Desk Lamp,Furniture,Kisumu,7,104.56,731.92
2026-06-16,Ballpoint Pens (Box),Stationery,Nakuru,2,79.42,158.84
2026-06-16,Wireless Mouse,Electronics,Kisumu,1,225.96,225.96
2026-06-16,Standing Desk,Furniture,Nairobi,1,196.79,196.79
2026-06-16,Standing Desk,Furniture,Eldoret,1,63.81,63.81
2026-06-16,Notebook Pack,Stationery,Nairobi,8,75.37,602.96
2026-06-16,Standing Desk,Furniture,Kisumu,5,142.19,710.95
2026-06-17,Office Chair,Furniture,Kisumu,3,234.45,703.35
2026-06-17,Office Chair,Furniture,Eldoret,5,175.71,878.55
2026-06-17,Ballpoint Pens (Box),Stationery,Nairobi,4,122.01,488.04
2026-06-17,Standing Desk,Furniture,Eldoret,5,35.06,175.3
2026-06-17,Office Chair,Furniture,Kisumu,1,239.89,239.89
2026-06-17,Ballpoint Pens (Box),Stationery,Eldoret,2,200.15,400.3
2026-06-17,Desk Lamp,Furniture,Nakuru,7,8.73,61.11
2026-06-17,Office Chair,Furniture,Nakuru,6,132.89,797.34
2026-06-17,Notebook Pack,Stationery,Eldoret,5,133.47,667.35
2026-06-17,Bluetooth Speaker,Electronics,Kisumu,5,142.14,710.7
2026-06-18,Office Chair,Furniture,Mombasa,8,87.28,698.24
2026-06-18,Bluetooth Speaker,Electronics,Kisumu,7,173.11,1211.77
2026-06-18,Wireless Mouse,Electronics,Mombasa,6,150.82,904.92
2026-06-18,Bluetooth Speaker,Electronics,,5,67.58,337.9
2026-06-18,USB-C Hub,Electronics,Eldoret,5,264.69,1323.45
2026-06-18,Wireless Mouse,Electronics,Nairobi,4,157.41,629.64
2026-06-18,Standing Desk,Furniture,Eldoret,8,217.42,1739.36
2026-06-18,Standing Desk,Furniture,Nakuru,8,208.73,1669.84
2026-06-18,Wireless Mouse,Electronics,Nakuru,4,32.45,129.8
2026-06-18,Standing Desk,Furniture,Nakuru,6,95.33,571.98
2026-06-18,Desk Lamp,Furniture,Kisumu,6,130.52,783.12
2026-06-19,USB-C Hub,Electronics,Nairobi,4,95.45,381.8
2026-06-19,Standing Desk,Furniture,Mombasa,3,98.09,294.27
2026-06-19,Standing Desk,Furniture,,5,222.89,1114.45
2026-06-19,USB-C Hub,Electronics,Kisumu,4,294.25,1177.0
2026-06-19,Standing Desk,Furniture,Nairobi,5,111.46,557.3
2026-06-19,Notebook Pack,Stationery,Eldoret,1,85.92,85.92
2026-06-19,USB-C Hub,Electronics,Nakuru,3,210.74,632.22
2026-06-19,Office Chair,Furniture,Nakuru,5,262.45,1312.25
2026-06-19,Bluetooth Speaker,Electronics,Nairobi,3,134.94,404.82
2026-06-19,USB-C Hub,Electronics,Nairobi,8,282.61,2260.88
2026-06-19,Office Chair,Furniture,Eldoret,2,123.21,246.42
2026-06-19,Wireless Mouse,Electronics,Nairobi,5,49.76,248.8
2026-06-19,Standing Desk,Furniture,Eldoret,7,39.94,279.58
2026-06-19,Standing Desk,Furniture,Nakuru,7,233.83,1636.81
2026-06-19,Bluetooth Speaker,Electronics,Kisumu,7,92.72,649.04
2026-06-20,Office Chair,Furniture,Mombasa,4,284.54,1138.16
2026-06-20,USB-C Hub,Electronics,Mombasa,3,199.83,599.49
2026-06-20,Notebook Pack,Stationery,Nairobi,3,167.84,503.52
2026-06-20,Ballpoint Pens (Box),Stationery,Kisumu,8,137.9,1103.2
2026-06-20,Wireless Mouse,Electronics,Nakuru,5,73.29,366.45
2026-06-20,Office Chair,Furniture,Eldoret,5,207.78,1038.9
2026-06-20,Standing Desk,Furniture,Mombasa,4,130.42,521.68
2026-06-20,USB-C Hub,Electronics,Nairobi,2,248.86,497.72
2026-06-21,USB-C Hub,Electronics,Nakuru,5,180.54,902.7
2026-06-21,Office Chair,Furniture,Nakuru,5,143.27,716.35
2026-06-21,USB-C Hub,Electronics,Nakuru,8,152.64,1221.12
2026-06-21,Office Chair,Furniture,Kisumu,7,181.42,1269.94
2026-06-21,USB-C Hub,Electronics,Eldoret,4,12.63,50.52
2026-06-21,Wireless Mouse,Electronics,Eldoret,5,299.87,1499.35
2026-06-21,Wireless Mouse,Electronics,Nakuru,3,230.12,690.36
2026-06-21,Bluetooth Speaker,Electronics,Eldoret,3,275.24,825.72
2026-06-21,Ballpoint Pens (Box),Stationery,Nairobi,8,192.26,1538.08
2026-06-21,Bluetooth Speaker,Electronics,Kisumu,6,107.65,645.9
2026-06-22,Notebook Pack,Stationery,Kisumu,8,102.29,818.32
2026-06-22,Ballpoint Pens (Box),Stationery,Nakuru,1,245.0,245.0
2026-06-22,Office Chair,Furniture,Nairobi,6,97.78,586.68
2026-06-22,Ballpoint Pens (Box),Stationery,Eldoret,1,260.15,260.15
2026-06-22,Bluetooth Speaker,Electronics,Eldoret,4,126.91,507.64
2026-06-22,Desk Lamp,Furniture,Nakuru,8,188.68,1509.44
2026-06-22,Wireless Mouse,Electronics,Kisumu,3,65.05,195.15
2026-06-22,Bluetooth Speaker,Electronics,Nairobi,8,264.85,2118.8
2026-06-22,Wireless Mouse,Electronics,Mombasa,4,292.08,1168.32
2026-06-23,Wireless Mouse,Electronics,Mombasa,2,167.91,335.82
2026-06-23,Office Chair,Furniture,Mombasa,2,141.13,282.26
2026-06-23,Bluetooth Speaker,Electronics,Eldoret,5,280.13,1400.65
2026-06-23,USB-C Hub,Electronics,Nakuru,8,127.57,1020.56
2026-06-23,Standing Desk,Furniture,Nakuru,3,139.75,419.25
2026-06-23,Standing Desk,Furniture,Nairobi,3,276.95,830.85
2026-06-23,USB-C Hub,Electronics,Kisumu,7,232.94,1630.58
2026-06-23,USB-C Hub,Electronics,Kisumu,5,247.06,1235.3
2026-06-23,Bluetooth Speaker,Electronics,Eldoret,8,260.25,2082.0
2026-06-23,Bluetooth Speaker,Electronics,Nakuru,7,106.81,747.67
2026-06-23,Desk Lamp,Furniture,Eldoret,4,261.53,1046.12
2026-06-23,Ballpoint Pens (Box),Stationery,Nairobi,7,73.9,517.3
2026-06-24,Bluetooth Speaker,Electronics,Nakuru,7,213.04,1491.28
2026-06-24,Notebook Pack,Stationery,Mombasa,1,151.12,151.12
2026-06-24,Desk Lamp,Furniture,Nairobi,8,261.56,2092.48
2026-06-24,Bluetooth Speaker,Electronics,Nakuru,3,9.53,28.59
2026-06-24,Notebook Pack,Stationery,Kisumu,5,27.07,135.35
2026-06-24,Ballpoint Pens (Box),Stationery,Eldoret,6,196.7,1180.2
2026-06-24,Ballpoint Pens (Box),Stationery,Eldoret,8,286.47,2291.76
2026-06-24,Wireless Mouse,Electronics,,4,187.15,748.6
2026-06-24,Standing Desk,Furniture,Nairobi,7,225.3,1577.1
2026-06-24,Office Chair,Furniture,Nairobi,5,135.89,679.45
2026-06-24,Wireless Mouse,Electronics,Kisumu,1,100.69,100.69
2026-06-24,Desk Lamp,Furniture,Mombasa,3,115.58,346.74
2026-06-24,Ballpoint Pens (Box),Stationery,Mombasa,3,171.95,515.85
2026-06-25,Office Chair,Furniture,Eldoret,7,184.8,1293.6
2026-06-25,Standing Desk,Furniture,Mombasa,3,151.81,455.43
2026-06-25,Bluetooth Speaker,Electronics,Kisumu,8,193.18,1545.44
2026-06-25,Wireless Mouse,Electronics,Kisumu,8,270.18,2161.44
2026-06-25,Notebook Pack,Stationery,Eldoret,6,26.79,160.74
2026-06-25,USB-C Hub,Electronics,Kisumu,7,193.49,1354.43
2026-06-25,Bluetooth Speaker,Electronics,Nakuru,4,254.36,1017.44
2026-06-25,Bluetooth Speaker,Electronics,Eldoret,7,36.46,255.22
2026-06-25,Desk Lamp,Furniture,Nairobi,5,174.57,872.85
2026-06-25,Ballpoint Pens (Box),Stationery,Eldoret,1,85.97,85.97
2026-06-26,USB-C Hub,Electronics,Eldoret,4,233.84,935.36
2026-06-26,Desk Lamp,Furniture,Eldoret,4,69.61,278.44
2026-06-26,USB-C Hub,Electronics,Nairobi,3,204.94,614.82
2026-06-26,Wireless Mouse,Electronics,Nairobi,8,96.14,769.12
2026-06-26,Desk Lamp,Furniture,Kisumu,2,221.05,442.1
2026-06-26,Desk Lamp,Furniture,Mombasa,3,225.51,676.53
2026-06-26,Notebook Pack,Stationery,Eldoret,6,237.02,1422.12
2026-06-26,USB-C Hub,Electronics,Nakuru,5,249.99,1249.95
2026-06-26,USB-C Hub,Electronics,Nairobi,6,225.24,1351.44
2026-06-26,Bluetooth Speaker,Electronics,Mombasa,3,289.05,867.15
2026-06-26,Ballpoint Pens (Box),Stationery,Nairobi,6,290.34,1742.04
2026-06-26,Ballpoint Pens (Box),Stationery,Nakuru,2,9.11,18.22
2026-06-26,Desk Lamp,Furniture,Eldoret,5,203.48,1017.4
2026-06-26,Ballpoint Pens (Box),Stationery,Nairobi,6,247.61,1485.66
2026-06-26,Standing Desk,Furniture,Eldoret,6,144.09,864.54
2026-06-27,Office Chair,Furniture,Kisumu,8,192.44,1539.52
2026-06-27,Ballpoint Pens (Box),Stationery,Nairobi,1,39.42,39.42
2026-06-27,USB-C Hub,Electronics,Nairobi,2,298.8,597.6
2026-06-27,Standing Desk,Furniture,,3,266.74,800.22
2026-06-27,Bluetooth Speaker,Electronics,Eldoret,7,114.45,801.15
2026-06-27,Notebook Pack,Stationery,Nakuru,2,266.2,532.4
2026-06-27,Ballpoint Pens (Box),Stationery,Nairobi,5,282.02,1410.1
2026-06-27,Desk Lamp,Furniture,Mombasa,8,69.09,552.72
2026-06-27,Desk Lamp,Furniture,Eldoret,6,34.31,205.86
2026-06-27,Desk Lamp,Furniture,Mombasa,5,22.86,114.3
2026-06-27,Office Chair,Furniture,Nairobi,8,284.96,2279.68
2026-06-28,Wireless Mouse,Electronics,Mombasa,6,19.92,119.52
2026-06-28,Notebook Pack,Stationery,Nairobi,4,237.16,948.64
2026-06-28,Standing Desk,Furniture,Kisumu,4,177.98,711.92
2026-06-28,Notebook Pack,Stationery,Kisumu,1,237.65,237.65
2026-06-28,Notebook Pack,Stationery,Mombasa,5,296.32,1481.6
2026-06-28,Office Chair,Furniture,Mombasa,1,200.01,200.01
2026-06-28,Wireless Mouse,Electronics,Eldoret,4,110.68,442.72
2026-06-28,Desk Lamp,Furniture,Nairobi,5,9.66,48.3
2026-06-28,Notebook Pack,Stationery,Nairobi,2,223.81,447.62
2026-06-28,Bluetooth Speaker,Electronics,Eldoret,6,137.24,823.44
2026-06-28,Office Chair,Furniture,Eldoret,4,138.34,553.36
2026-06-29,USB-C Hub,Electronics,Nairobi,1,140.12,140.12
2026-06-29,Bluetooth Speaker,Electronics,Nairobi,7,254.95,1784.65
2026-06-29,Bluetooth Speaker,Electronics,Nairobi,8,215.16,1721.28
2026-06-29,Office Chair,Furniture,Nairobi,3,100.02,300.06
2026-06-29,Notebook Pack,Stationery,Nakuru,6,86.13,516.78
2026-06-29,USB-C Hub,Electronics,Nairobi,7,138.85,971.95
2026-06-29,Office Chair,Furniture,Nakuru,4,256.57,1026.28
2026-06-29,Bluetooth Speaker,Electronics,Kisumu,7,266.99,1868.93
2026-06-30,Ballpoint Pens (Box),Stationery,Kisumu,2,127.72,255.44
2026-06-30,Ballpoint Pens (Box),Stationery,Kisumu,5,97.19,485.95
2026-06-30,Notebook Pack,Stationery,Nairobi,8,207.61,1660.88
2026-06-30,Office Chair,Furniture,Nakuru,2,250.37,500.74
2026-06-30,Office Chair,Furniture,Mombasa,6,224.65,1347.9
2026-06-30,Wireless Mouse,Electronics,Nairobi,6,178.01,1068.06
2026-06-30,Ballpoint Pens (Box),Stationery,Nairobi,7,109.31,765.17
2026-06-30,USB-C Hub,Electronics,Nairobi,6,182.12,1092.72
2026-06-30,Standing Desk,Furniture,Mombasa,8,50.65,405.2
2026-06-30,Office Chair,Furniture,Nairobi,6,108.28,649.68
2026-06-30,USB-C Hub,Electronics,Eldoret,7,174.36,1220.52
2026-06-30,Wireless Mouse,Electronics,Nairobi,5,184.65,923.25
2026-06-30,Notebook Pack,Stationery,Kisumu,5,85.61,428.05
2026-06-30,Desk Lamp,Furniture,Eldoret,3,6.8,20.4
2026-06-30,Ballpoint Pens (Box),Stationery,Nairobi,1,25.53,25.53
2026-07-01,Standing Desk,Furniture,Kisumu,8,115.98,927.84
2026-07-01,Notebook Pack,Stationery,Eldoret,6,114.17,685.02
2026-07-01,Office Chair,Furniture,Mombasa,3,265.59,796.77
2026-07-01,Wireless Mouse,Electronics,Nakuru,5,203.82,1019.1
2026-07-01,Ballpoint Pens (Box),Stationery,Nakuru,8,148.27,1186.16
2026-07-01,USB-C Hub,Electronics,Kisumu,2,68.59,137.18
2026-07-01,Ballpoint Pens (Box),Stationery,Eldoret,8,37.71,301.68
2026-07-01,USB-C Hub,Electronics,Eldoret,7,18.4,128.8
2026-07-01,Wireless Mouse,Electronics,Mombasa,5,7.27,36.35
2026-07-01,Notebook Pack,Stationery,Kisumu,5,230.43,1152.15
2026-07-01,Office Chair,Furniture,Mombasa,7,7.28,50.96
2026-07-01,Notebook Pack,Stationery,Eldoret,4,117.16,468.64
2026-07-01,Desk Lamp,Furniture,Nakuru,1,26.26,26.26
2026-07-01,Wireless Mouse,Electronics,Kisumu,2,140.63,281.26
2026-07-01,Ballpoint Pens (Box),Stationery,Kisumu,7,174.15,1219.05
2026-07-01,Office Chair,Furniture,,6,124.48,746.88
2026-07-02,Desk Lamp,Furniture,Mombasa,2,31.0,62.0
2026-07-02,Ballpoint Pens (Box),Stationery,Nakuru,2,178.72,357.44
2026-07-02,USB-C Hub,Electronics,Kisumu,4,225.01,900.04
2026-07-02,Notebook Pack,Stationery,Eldoret,2,27.53,55.06
2026-07-02,Standing Desk,Furniture,Kisumu,6,272.25,1633.5
2026-07-02,Notebook Pack,Stationery,Kisumu,3,74.7,224.1
2026-07-02,Standing Desk,Furniture,Nairobi,3,56.18,168.54
2026-07-02,Notebook Pack,Stationery,Nakuru,8,285.63,2285.04
2026-07-02,Bluetooth Speaker,Electronics,Kisumu,6,205.93,1235.58
2026-07-02,Notebook Pack,Stationery,Nakuru,8,134.73,1077.84
2026-07-02,USB-C Hub,Electronics,Kisumu,1,239.92,239.92
2026-07-02,Office Chair,Furniture,Nairobi,8,96.57,772.56
2026-07-02,Wireless Mouse,Electronics,Nairobi,5,113.78,568.9
2026-07-02,Office Chair,Furniture,Nakuru,7,186.43,1305.01
2026-07-02,Wireless Mouse,Electronics,Kisumu,4,137.67,550.68
2026-07-03,Notebook Pack,Stationery,Nairobi,8,287.53,2300.24
2026-07-03,Desk Lamp,Furniture,Eldoret,2,294.8,589.6
2026-07-03,Notebook Pack,Stationery,Nakuru,8,16.55,132.4
2026-07-03,Notebook Pack,Stationery,Nakuru,5,112.35,561.75
2026-07-03,Ballpoint Pens (Box),Stationery,Kisumu,1,233.47,233.47
2026-07-03,Office Chair,Furniture,Kisumu,7,102.26,715.82
2026-07-03,USB-C Hub,Electronics,Kisumu,3,218.5,655.5
2026-07-03,Office Chair,Furniture,Kisumu,3,176.91,530.73
2026-07-03,USB-C Hub,Electronics,,7,290.47,2033.29
2026-07-03,Office Chair,Furniture,Kisumu,7,96.33,674.31
2026-07-03,Notebook Pack,Stationery,Nakuru,2,202.68,405.36
2026-07-03,Desk Lamp,Furniture,Mombasa,5,10.38,51.9
2026-07-03,Standing Desk,Furniture,Mombasa,8,105.81,846.48
2026-07-03,Standing Desk,Furniture,Nairobi,3,299.99,899.97
2026-07-03,USB-C Hub,Electronics,Eldoret,2,254.11,508.22
2026-07-04,Wireless Mouse,Electronics,Eldoret,3,200.27,600.81
2026-07-04,Ballpoint Pens (Box),Stationery,Eldoret,3,50.5,151.5
2026-07-04,Notebook Pack,Stationery,Nakuru,1,217.75,217.75
2026-07-04,Desk Lamp,Furniture,Nakuru,4,204.53,818.12
2026-07-04,USB-C Hub,Electronics,Mombasa,8,226.96,1815.68
2026-07-04,Standing Desk,Furniture,Mombasa,8,96.29,770.32
2026-07-04,Desk Lamp,Furniture,Nakuru,8,205.1,1640.8
2026-07-04,USB-C Hub,Electronics,Mombasa,7,234.55,1641.85
2026-07-04,Standing Desk,Furniture,Kisumu,3,241.37,724.11
2026-07-04,Wireless Mouse,Electronics,Eldoret,6,194.15,1164.9
2026-07-04,Office Chair,Furniture,Kisumu,2,214.86,429.72
2026-07-04,Office Chair,Furniture,Nakuru,5,230.12,1150.6
2026-07-04,Notebook Pack,Stationery,Mombasa,2,250.16,500.32
2026-07-04,Bluetooth Speaker,Electronics,Nakuru,1,265.97,265.97
2026-07-04,Wireless Mouse,Electronics,Mombasa,6,121.95,731.7
2026-07-04,Ballpoint Pens (Box),Stationery,Mombasa,6,298.38,1790.28
2026-07-05,Desk Lamp,Furniture,Mombasa,6,279.59,1677.54
2026-07-05,Notebook Pack,Stationery,Mombasa,8,16.3,130.4
2026-07-05,Bluetooth Speaker,Electronics,Nairobi,1,137.34,137.34
2026-07-05,Wireless Mouse,Electronics,Eldoret,3,80.5,241.5
2026-07-05,Ballpoint Pens (Box),Stationery,Mombasa,5,37.8,189.0
2026-07-05,USB-C Hub,Electronics,Nakuru,4,40.95,163.8
2026-07-05,Bluetooth Speaker,Electronics,,8,23.53,188.24
2026-07-05,Wireless Mouse,Electronics,Mombasa,4,191.43,765.72
2026-07-06,Ballpoint Pens (Box),Stationery,Mombasa,6,5.46,32.76
2026-07-06,Ballpoint Pens (Box),Stationery,Eldoret,2,60.26,120.52
2026-07-06,Desk Lamp,Furniture,Nakuru,1,24.97,24.97
2026-07-06,Bluetooth Speaker,Electronics,Kisumu,7,17.84,124.88
2026-07-06,USB-C Hub,Electronics,Nairobi,6,225.46,1352.76
2026-07-06,Desk Lamp,Furniture,Eldoret,2,76.13,152.26
2026-07-06,Desk Lamp,Furniture,Eldoret,6,44.36,266.16
2026-07-06,Desk Lamp,Furniture,Nakuru,3,244.99,734.97
2026-07-06,Bluetooth Speaker,Electronics,Nairobi,3,191.36,574.08
2026-07-06,Bluetooth Speaker,Electronics,Nairobi,4,15.91,63.64
2026-07-06,Standing Desk,Furniture,Kisumu,6,266.31,1597.86
2026-07-06,Ballpoint Pens (Box),Stationery,Kisumu,8,296.79,2374.32
2026-07-07,Standing Desk,Furniture,Kisumu,1,89.4,89.4
2026-07-07,USB-C Hub,Electronics,Nakuru,6,41.72,250.32
2026-07-07,Ballpoint Pens (Box),Stationery,Kisumu,7,224.28,1569.96
2026-07-07,Notebook Pack,Stationery,Kisumu,8,151.38,1211.04
2026-07-07,USB-C Hub,Electronics,Nairobi,7,241.34,1689.38
2026-07-07,Ballpoint Pens (Box),Stationery,Eldoret,3,182.72,548.16
2026-07-07,USB-C Hub,Electronics,Kisumu,2,99.76,199.52
2026-07-07,USB-C Hub,Electronics,Mombasa,7,95.42,667.94
2026-07-08,Desk Lamp,Furniture,Eldoret,6,136.9,821.4
2026-07-08,Ballpoint Pens (Box),Stationery,Nairobi,1,85.99,85.99
2026-07-08,Ballpoint Pens (Box),Stationery,Nairobi,3,112.18,336.54
2026-07-08,Notebook Pack,Stationery,Nairobi,8,255.36,2042.88
2026-07-08,Notebook Pack,Stationery,Kisumu,6,24.83,148.98
2026-07-08,Ballpoint Pens (Box),Stationery,Eldoret,1,285.09,285.09
2026-07-08,Notebook Pack,Stationery,Kisumu,6,205.32,1231.92
2026-07-08,Bluetooth Speaker,Electronics,Eldoret,3,230.11,690.33
2026-07-08,Desk Lamp,Furniture,Mombasa,5,122.42,612.1
2026-07-08,Office Chair,Furniture,Nakuru,3,12.64,37.92
2026-07-08,Ballpoint Pens (Box),Stationery,Kisumu,2,274.5,549.0
2026-07-08,USB-C Hub,Electronics,Eldoret,4,212.69,850.76
2026-07-08,USB-C Hub,Electronics,Mombasa,8,209.72,1677.76
2026-07-08,Office Chair,Furniture,Nakuru,2,45.04,90.08
2026-07-08,Notebook Pack,Stationery,Nairobi,8,270.11,2160.88
2026-07-09,Desk Lamp,Furniture,Kisumu,5,214.31,1071.55
2026-07-09,Notebook Pack,Stationery,Kisumu,3,214.98,644.94
2026-07-09,Standing Desk,Furniture,Mombasa,4,40.8,163.2
2026-07-09,Standing Desk,Furniture,Kisumu,1,238.16,238.16
2026-07-09,Desk Lamp,Furniture,,3,142.88,428.64
2026-07-09,Office Chair,Furniture,Nakuru,7,24.4,170.8
2026-07-09,Ballpoint Pens (Box),Stationery,Mombasa,2,231.9,463.8
2026-07-09,Desk Lamp,Furniture,Nakuru,8,194.49,1555.92
2026-07-09,Desk Lamp,Furniture,Mombasa,3,42.86,128.58
2026-07-09,Ballpoint Pens (Box),Stationery,Nairobi,1,153.34,153.34
2026-07-09,Notebook Pack,Stationery,Kisumu,3,94.72,284.16
2026-07-09,Standing Desk,Furniture,Nairobi,5,107.08,535.4
2026-07-09,USB-C Hub,Electronics,Mombasa,5,62.91,314.55
2026-07-10,Office Chair,Furniture,Eldoret,3,153.26,459.78
2026-07-10,Notebook Pack,Stationery,Eldoret,6,55.5,333.0
2026-07-10,Wireless Mouse,Electronics,Nairobi,1,248.44,248.44
2026-07-10,Wireless Mouse,Electronics,Mombasa,5,284.82,1424.1
2026-07-10,Ballpoint Pens (Box),Stationery,Nakuru,1,187.34,187.34
2026-07-10,USB-C Hub,Electronics,Nakuru,5,194.36,971.8
2026-07-10,Standing Desk,Furniture,Kisumu,7,242.38,1696.66
2026-07-10,Bluetooth Speaker,Electronics,Mombasa,1,26.53,26.53
2026-07-10,Bluetooth Speaker,Electronics,Mombasa,8,127.61,1020.88
2026-07-10,Desk Lamp,Furniture,Kisumu,6,183.96,1103.76
2026-07-10,Desk Lamp,Furniture,Kisumu,3,292.74,878.22
2026-07-10,Office Chair,Furniture,Nairobi,8,99.14,793.12
2026-07-11,Bluetooth Speaker,Electronics,Nairobi,2,78.14,156.28
2026-07-11,USB-C Hub,Electronics,Mombasa,7,283.89,1987.23
2026-07-11,Notebook Pack,Stationery,Mombasa,6,244.98,1469.88
2026-07-11,Notebook Pack,Stationery,Nakuru,8,151.99,1215.92
2026-07-11,USB-C Hub,Electronics,Nakuru,2,151.72,303.44
2026-07-11,Bluetooth Speaker,Electronics,Eldoret,4,290.17,1160.68
2026-07-11,Desk Lamp,Furniture,Nakuru,5,19.35,96.75
2026-07-11,Bluetooth Speaker,Electronics,Nairobi,1,89.3,89.3
2026-07-11,Ballpoint Pens (Box),Stationery,Kisumu,5,44.51,222.55
2026-07-11,Ballpoint Pens (Box),Stationery,Nairobi,7,112.95,790.65
2026-07-11,Standing Desk,Furniture,Nairobi,5,111.94,559.7
2026-07-11,Ballpoint Pens (Box),Stationery,Eldoret,5,153.76,768.8
2026-07-12,Notebook Pack,Stationery,Kisumu,7,292.65,2048.55
2026-07-12,Desk Lamp,Furniture,Mombasa,6,169.56,1017.36
2026-07-12,Standing Desk,Furniture,Eldoret,7,182.73,1279.11
2026-07-12,Wireless Mouse,Electronics,Kisumu,3,18.36,55.08
2026-07-12,Bluetooth Speaker,Electronics,Eldoret,3,158.2,474.6
2026-07-12,Notebook Pack,Stationery,Mombasa,6,101.75,610.5
2026-07-12,Ballpoint Pens (Box),Stationery,Eldoret,5,297.23,1486.15
2026-07-12,Desk Lamp,Furniture,Eldoret,8,154.66,1237.28
2026-07-12,USB-C Hub,Electronics,Kisumu,1,145.09,145.09
2026-07-13,Office Chair,Furniture,Nairobi,5,294.07,1470.35
2026-07-13,Bluetooth Speaker,Electronics,Nairobi,4,83.33,333.32
2026-07-13,Bluetooth Speaker,Electronics,Mombasa,7,55.3,387.1
2026-07-13,Standing Desk,Furniture,Mombasa,2,14.31,28.62
2026-07-13,Wireless Mouse,Electronics,Mombasa,7,135.11,945.77
2026-07-13,Ballpoint Pens (Box),Stationery,Eldoret,7,208.7,1460.9
2026-07-13,Bluetooth Speaker,Electronics,Mombasa,1,262.48,262.48
2026-07-13,Standing Desk,Furniture,Eldoret,8,170.46,1363.68
2026-07-13,Ballpoint Pens (Box),Stationery,Nakuru,3,97.56,292.68
2026-07-13,Desk Lamp,Furniture,Eldoret,5,166.15,830.75
2026-07-13,Bluetooth Speaker,Electronics,Kisumu,4,61.72,246.88
2026-07-13,USB-C Hub,Electronics,Kisumu,5,71.34,356.7
2026-07-13,Standing Desk,Furniture,Kisumu,8,208.62,1668.96
2026-07-14,Desk Lamp,Furniture,Kisumu,5,170.34,851.7
2026-07-14,Office Chair,Furniture,Nakuru,7,174.18,1219.26
2026-07-14,Desk Lamp,Furniture,Kisumu,3,286.61,859.83
2026-07-14,Wireless Mouse,Electronics,Kisumu,2,89.85,179.7
2026-07-14,Bluetooth Speaker,Electronics,Mombasa,8,198.51,1588.08
2026-07-14,Standing Desk,Furniture,Eldoret,5,249.25,1246.25
2026-07-14,USB-C Hub,Electronics,Mombasa,4,45.5,182.0
2026-07-14,Wireless Mouse,Electronics,Mombasa,4,202.6,810.4
2026-07-14,Wireless Mouse,Electronics,Nakuru,6,34.56,207.36
2026-07-14,Office Chair,Furniture,Nairobi,3,205.95,617.85
2026-07-14,Notebook Pack,Stationery,Nakuru,8,125.04,1000.32
2026-07-14,Standing Desk,Furniture,Kisumu,5,227.99,1139.95
2026-07-14,USB-C Hub,Electronics,Eldoret,2,195.54,391.08
2026-07-14,Standing Desk,Furniture,Mombasa,1,162.87,162.87
2026-07-14,Ballpoint Pens (Box),Stationery,Nairobi,3,265.26,795.78
2026-07-15,Bluetooth Speaker,Electronics,Nairobi,5,59.96,299.8
2026-07-15,Wireless Mouse,Electronics,Kisumu,2,93.03,186.06
2026-07-15,USB-C Hub,Electronics,Mombasa,8,139.03,1112.24
2026-07-15,Bluetooth Speaker,Electronics,Kisumu,2,85.49,170.98
2026-07-15,Notebook Pack,Stationery,Mombasa,5,220.68,1103.4
2026-07-15,Wireless Mouse,Electronics,Eldoret,5,222.3,1111.5
2026-07-15,Standing Desk,Furniture,Nakuru,7,56.77,397.39
2026-07-15,Desk Lamp,Furniture,Mombasa,2,30.59,61.18
2026-07-15,Notebook Pack,Stationery,Nairobi,4,145.85,583.4
2026-07-15,USB-C Hub,Electronics,Kisumu,8,118.15,945.2
2026-07-15,Desk Lamp,Furniture,Kisumu,1,94.07,94.07
2026-07-15,Desk Lamp,Furniture,Nairobi,1,209.37,209.37
2026-07-15,Bluetooth Speaker,Electronics,Eldoret,7,95.51,668.57
2026-07-15,USB-C Hub,Electronics,Kisumu,5,208.64,1043.2
2026-07-16,Standing Desk,Furniture,Mombasa,8,287.42,2299.36
2026-07-16,Bluetooth Speaker,Electronics,Nakuru,6,225.58,1353.48
2026-07-16,Bluetooth Speaker,Electronics,Mombasa,4,228.42,913.68
2026-07-16,Office Chair,Furniture,Nairobi,6,160.02,960.12
2026-07-16,Office Chair,Furniture,Eldoret,4,23.22,92.88
2026-07-16,Notebook Pack,Stationery,Nairobi,8,53.54,428.32
2026-07-16,Standing Desk,Furniture,Nairobi,8,216.49,1731.92
2026-07-16,Bluetooth Speaker,Electronics,Mombasa,8,243.56,1948.48
2026-07-16,Ballpoint Pens (Box),Stationery,Eldoret,1,139.76,139.76
2026-07-16,Bluetooth Speaker,Electronics,Nairobi,5,203.47,1017.35
2026-07-16,Ballpoint Pens (Box),Stationery,Mombasa,1,80.06,80.06
2026-07-17,Wireless Mouse,Electronics,Eldoret,2,129.99,259.98
2026-07-17,Wireless Mouse,Electronics,Nakuru,2,280.7,561.4
2026-07-17,Wireless Mouse,Electronics,Mombasa,3,89.69,269.07
2026-07-17,Ballpoint Pens (Box),Stationery,Nakuru,7,115.47,808.29
2026-07-17,Ballpoint Pens (Box),Stationery,Kisumu,3,115.82,347.46
2026-07-17,Office Chair,Furniture,Eldoret,7,57.65,403.55
2026-07-17,Notebook Pack,Stationery,Nairobi,4,219.72,878.88
2026-07-17,Wireless Mouse,Electronics,Eldoret,8,293.65,2349.2
2026-07-17,Ballpoint Pens (Box),Stationery,Mombasa,4,161.92,647.68
2026-07-18,Desk Lamp,Furniture,Nairobi,4,50.76,203.04
2026-07-18,Wireless Mouse,Electronics,Eldoret,7,243.8,1706.6
2026-07-18,Wireless Mouse,Electronics,Nairobi,2,76.0,152.0
2026-07-18,Wireless Mouse,Electronics,Mombasa,1,136.7,136.7
2026-07-18,Wireless Mouse,Electronics,Eldoret,4,123.67,494.68
2026-07-18,Standing Desk,Furniture,Mombasa,1,227.54,227.54
2026-07-18,USB-C Hub,Electronics,Eldoret,6,74.08,444.48
2026-07-18,Desk Lamp,Furniture,Eldoret,3,74.89,224.67
2026-07-18,Standing Desk,Furniture,Nairobi,5,127.0,635.0
2026-07-18,Notebook Pack,Stationery,Eldoret,7,189.67,1327.69
2026-07-18,Bluetooth Speaker,Electronics,Nakuru,6,18.83,112.98
2026-07-18,Desk Lamp,Furniture,Mombasa,7,210.41,1472.87
2026-07-18,USB-C Hub,Electronics,Mombasa,8,116.06,928.48
2026-07-18,Standing Desk,Furniture,Nakuru,3,93.72,281.16
2026-07-18,Wireless Mouse,Electronics,Eldoret,7,170.9,1196.3
2026-07-19,Notebook Pack,Stationery,Mombasa,5,119.58,597.9
2026-07-19,Desk Lamp,Furniture,,8,195.78,1566.24
2026-07-19,Office Chair,Furniture,Nairobi,4,163.01,652.04
2026-07-19,USB-C Hub,Electronics,Nairobi,1,116.26,116.26
2026-07-19,Standing Desk,Furniture,Nakuru,4,242.37,969.48
2026-07-19,Standing Desk,Furniture,Kisumu,6,261.49,1568.94
2026-07-19,Wireless Mouse,Electronics,Nairobi,4,67.48,269.92
2026-07-19,Bluetooth Speaker,Electronics,Nakuru,4,274.76,1099.04
2026-07-19,Standing Desk,Furniture,Nakuru,5,167.86,839.3
2026-07-19,Bluetooth Speaker,Electronics,Kisumu,6,162.43,974.58
2026-07-19,USB-C Hub,Electronics,Nakuru,8,111.1,888.8
2026-07-19,Office Chair,Furniture,Kisumu,8,241.83,1934.64
2026-07-19,Standing Desk,Furniture,Nairobi,7,114.36,800.52
2026-07-19,Standing Desk,Furniture,Kisumu,1,223.67,223.67
2026-07-19,Ballpoint Pens (Box),Stationery,Kisumu,4,92.08,368.32
2026-07-19,Standing Desk,Furniture,Nakuru,4,117.05,468.2
2026-07-20,Desk Lamp,Furniture,Nakuru,8,80.91,647.28
2026-07-20,Bluetooth Speaker,Electronics,Mombasa,6,54.63,327.78
2026-07-20,Notebook Pack,Stationery,Mombasa,8,217.49,1739.92
2026-07-20,Wireless Mouse,Electronics,Nairobi,2,159.56,319.12
2026-07-20,Wireless Mouse,Electronics,Nairobi,4,126.66,506.64
2026-07-20,Notebook Pack,Stationery,Kisumu,8,7.7,61.6
2026-07-20,Wireless Mouse,Electronics,Nakuru,8,187.26,1498.08
2026-07-20,Wireless Mouse,Electronics,Nairobi,7,6.95,48.65
2026-07-20,Wireless Mouse,Electronics,Eldoret,5,161.18,805.9
2026-07-20,USB-C Hub,Electronics,Mombasa,7,10.06,70.42
2026-07-20,Office Chair,Furniture,Mombasa,3,275.82,827.46
2026-07-20,Standing Desk,Furniture,Kisumu,5,187.84,939.2
2026-07-20,USB-C Hub,Electronics,Kisumu,2,239.51,479.02
2026-07-20,Ballpoint Pens (Box),Stationery,Mombasa,4,140.4,561.6
2026-07-20,USB-C Hub,Electronics,Nairobi,2,206.79,413.58
2026-07-20,Office Chair,Furniture,Eldoret,7,124.56,871.92
2026-07-21,Wireless Mouse,Electronics,Nairobi,3,192.84,578.52
2026-07-21,Bluetooth Speaker,Electronics,Eldoret,6,254.37,1526.22
2026-07-21,Office Chair,Furniture,Mombasa,1,268.96,268.96
2026-07-21,Standing Desk,Furniture,Kisumu,8,270.88,2167.04
2026-07-21,Wireless Mouse,Electronics,Eldoret,5,277.63,1388.15
2026-07-21,Wireless Mouse,Electronics,Nairobi,6,57.91,347.46
2026-07-21,Standing Desk,Furniture,Nairobi,7,178.18,1247.26
2026-07-21,USB-C Hub,Electronics,Eldoret,4,52.92,211.68
2026-07-21,Ballpoint Pens (Box),Stationery,Nakuru,6,204.73,1228.38
2026-07-21,Notebook Pack,Stationery,Eldoret,2,238.2,476.4
2026-07-21,Desk Lamp,Furniture,Mombasa,7,20.84,145.88
2026-07-21,Office Chair,Furniture,Kisumu,7,105.47,738.29
2026-07-21,Wireless Mouse,Electronics,Nakuru,8,192.07,1536.56
2026-07-21,Standing Desk,Furniture,Nakuru,7,109.96,769.72
2026-07-21,Notebook Pack,Stationery,Nairobi,7,205.51,1438.57
2026-07-22,Standing Desk,Furniture,Kisumu,2,215.37,430.74
2026-07-22,Notebook Pack,Stationery,Nakuru,3,117.1,351.3
2026-07-22,Desk Lamp,Furniture,Nairobi,2,111.41,222.82
2026-07-22,USB-C Hub,Electronics,Nairobi,5,136.2,681.0
2026-07-22,Notebook Pack,Stationery,Nakuru,7,30.75,215.25
2026-07-22,Ballpoint Pens (Box),Stationery,Kisumu,2,35.47,70.94
2026-07-22,Office Chair,Furniture,Nakuru,6,181.09,1086.54
2026-07-22,Wireless Mouse,Electronics,Nairobi,7,91.09,637.63
2026-07-22,Standing Desk,Furniture,Nakuru,3,173.73,521.19
2026-07-22,Notebook Pack,Stationery,Kisumu,5,45.96,229.8
2026-07-22,Bluetooth Speaker,Electronics,Nakuru,3,48.05,144.15
2026-07-22,USB-C Hub,Electronics,Nairobi,8,129.23,1033.84
2026-07-23,USB-C Hub,Electronics,Eldoret,8,283.55,2268.4
2026-07-23,Standing Desk,Furniture,Kisumu,3,140.07,420.21
2026-07-23,Wireless Mouse,Electronics,Eldoret,6,284.9,1709.4
2026-07-23,Ballpoint Pens (Box),Stationery,Nakuru,6,242.2,1453.2
2026-07-23,Desk Lamp,Furniture,Kisumu,3,132.03,396.09
2026-07-23,Desk Lamp,Furniture,Nakuru,4,182.95,731.8
2026-07-23,Desk Lamp,Furniture,Kisumu,7,57.4,401.8
2026-07-23,USB-C Hub,Electronics,Eldoret,8,221.79,1774.32
2026-07-23,Standing Desk,Furniture,Nakuru,5,101.14,505.7
2026-07-23,Desk Lamp,Furniture,Eldoret,4,38.6,154.4
2026-07-23,Notebook Pack,Stationery,Nakuru,1,206.11,206.11
2026-07-23,Standing Desk,Furniture,Nairobi,5,134.34,671.7
2026-07-23,Ballpoint Pens (Box),Stationery,Kisumu,3,203.53,610.59
2026-07-24,USB-C Hub,Electronics,Nakuru,7,199.31,1395.17
2026-07-24,Office Chair,Furniture,Eldoret,8,137.47,1099.76
2026-07-24,Ballpoint Pens (Box),Stationery,Eldoret,7,162.64,1138.48
2026-07-24,Wireless Mouse,Electronics,Eldoret,6,238.26,1429.56
2026-07-24,Office Chair,Furniture,Kisumu,4,37.26,149.04
2026-07-24,Notebook Pack,Stationery,Eldoret,1,195.86,195.86
2026-07-24,Ballpoint Pens (Box),Stationery,Nakuru,6,290.21,1741.26
2026-07-24,Office Chair,Furniture,Mombasa,5,8.11,40.55
2026-07-24,Standing Desk,Furniture,Nakuru,7,136.5,955.5
2026-07-24,Notebook Pack,Stationery,Nakuru,1,106.77,106.77
2026-07-24,Office Chair,Furniture,Nairobi,2,92.15,184.3
2026-07-25,Desk Lamp,Furniture,Mombasa,8,97.01,776.08
2026-07-25,Bluetooth Speaker,Electronics,Nakuru,2,107.75,215.5
2026-07-25,Bluetooth Speaker,Electronics,Nairobi,5,99.08,495.4
2026-07-25,Office Chair,Furniture,Nairobi,6,11.66,69.96
2026-07-25,Notebook Pack,Stationery,Eldoret,4,279.33,1117.32
2026-07-25,Notebook Pack,Stationery,Eldoret,6,167.81,1006.86
2026-07-25,Ballpoint Pens (Box),Stationery,Nakuru,4,287.75,1151.0
2026-07-25,Notebook Pack,Stationery,Nakuru,7,59.98,419.86
2026-07-25,Wireless Mouse,Electronics,Nakuru,4,222.53,890.12
2026-07-25,Ballpoint Pens (Box),Stationery,Mombasa,4,119.71,478.84
2026-07-26,Office Chair,Furniture,,3,175.32,525.96
2026-07-26,Desk Lamp,Furniture,Kisumu,2,63.14,126.28
2026-07-26,Bluetooth Speaker,Electronics,Eldoret,6,160.68,964.08
2026-07-26,Ballpoint Pens (Box),Stationery,Kisumu,2,185.34,370.68
2026-07-26,Desk Lamp,Furniture,Kisumu,3,254.43,763.29
2026-07-26,Office Chair,Furniture,Nairobi,6,203.27,1219.62
2026-07-26,Standing Desk,Furniture,Kisumu,3,95.09,285.27
2026-07-26,Notebook Pack,Stationery,Eldoret,7,155.69,1089.83
2026-07-26,Notebook Pack,Stationery,Mombasa,7,174.57,1221.99
2026-07-26,Bluetooth Speaker,Electronics,Eldoret,3,192.47,577.41
2026-07-26,Notebook Pack,Stationery,Mombasa,3,149.44,448.32
2026-07-26,Desk Lamp,Furniture,Kisumu,1,253.39,253.39
2026-07-27,Bluetooth Speaker,Electronics,Eldoret,7,45.28,316.96
2026-07-27,Bluetooth Speaker,Electronics,Nakuru,8,125.69,1005.52
2026-07-27,Bluetooth Speaker,Electronics,Eldoret,2,149.17,298.34
2026-07-27,Wireless Mouse,Electronics,Kisumu,4,239.78,959.12
2026-07-27,Wireless Mouse,Electronics,Mombasa,5,86.08,430.4
2026-07-27,Bluetooth Speaker,Electronics,Eldoret,8,171.87,1374.96
2026-07-27,Office Chair,Furniture,Eldoret,5,173.95,869.75
2026-07-27,Desk Lamp,Furniture,Nakuru,1,164.9,164.9
2026-07-28,Standing Desk,Furniture,Mombasa,2,296.98,593.96
2026-07-28,USB-C Hub,Electronics,Nakuru,1,263.07,263.07
2026-07-28,USB-C Hub,Electronics,Nakuru,2,107.83,215.66
2026-07-28,Office Chair,Furniture,Mombasa,4,233.81,935.24
2026-07-28,Desk Lamp,Furniture,Mombasa,7,259.01,1813.07
2026-07-28,Notebook Pack,Stationery,Nairobi,4,236.53,946.12
2026-07-28,Desk Lamp,Furniture,Kisumu,3,162.02,486.06
2026-07-28,USB-C Hub,Electronics,Eldoret,5,90.35,451.75
2026-07-28,Office Chair,Furniture,Nairobi,7,45.0,315.0
2026-07-28,USB-C Hub,Electronics,Mombasa,3,260.78,782.34
2026-07-28,Standing Desk,Furniture,Mombasa,6,48.14,288.84
2026-07-28,Ballpoint Pens (Box),Stationery,Nakuru,5,149.39,746.95
2026-07-28,Ballpoint Pens (Box),Stationery,Nakuru,2,138.34,276.68
2026-07-28,USB-C Hub,Electronics,Nakuru,6,209.94,1259.64
2026-07-28,Bluetooth Speaker,Electronics,Nairobi,1,101.55,101.55
2026-07-28,Bluetooth Speaker,Electronics,Nairobi,6,192.28,1153.68
2026-07-29,Ballpoint Pens (Box),Stationery,Mombasa,7,69.26,484.82
2026-07-29,Bluetooth Speaker,Electronics,Kisumu,5,84.22,421.1
2026-07-29,Notebook Pack,Stationery,Kisumu,8,172.01,1376.08
2026-07-29,Wireless Mouse,Electronics,Nairobi,8,18.55,148.4
2026-07-29,Office Chair,Furniture,Nakuru,3,279.18,837.54
2026-07-29,Bluetooth Speaker,Electronics,Mombasa,7,5.2,36.4
2026-07-29,Notebook Pack,Stationery,Mombasa,5,265.23,1326.15
2026-07-29,USB-C Hub,Electronics,Kisumu,6,32.54,195.24
2026-07-29,Office Chair,Furniture,Nairobi,3,114.69,344.07
2026-07-29,Ballpoint Pens (Box),Stationery,Nakuru,4,189.55,758.2
2026-07-29,Office Chair,Furniture,Mombasa,1,212.59,212.59
2026-07-29,Bluetooth Speaker,Electronics,Eldoret,4,27.99,111.96
2026-07-29,Bluetooth Speaker,Electronics,Nairobi,6,7.74,46.44
2026-07-29,Ballpoint Pens (Box),Stationery,Nairobi,8,209.74,1677.92
2026-07-29,Standing Desk,Furniture,Nairobi,2,118.01,236.02
2026-07-29,Desk Lamp,Furniture,Mombasa,5,113.43,567.15
2026-07-30,Notebook Pack,Stationery,Nairobi,3,194.26,582.78
2026-07-30,Wireless Mouse,Electronics,Nakuru,3,185.04,555.12
2026-07-30,Desk Lamp,Furniture,Nakuru,3,218.12,654.36
2026-07-30,Bluetooth Speaker,Electronics,Nairobi,2,258.69,517.38
2026-07-30,Notebook Pack,Stationery,Kisumu,7,226.97,1588.79
2026-07-30,Ballpoint Pens (Box),Stationery,Mombasa,3,97.78,293.34
2026-07-30,USB-C Hub,Electronics,Eldoret,4,195.16,780.64
2026-07-30,USB-C Hub,Electronics,Kisumu,1,234.8,234.8
2026-07-30,Standing Desk,Furniture,Nakuru,4,157.74,630.96
2026-07-30,USB-C Hub,Electronics,Nakuru,4,195.62,782.48
2026-07-30,Ballpoint Pens (Box),Stationery,Eldoret,8,38.26,306.08
2026-07-30,Office Chair,Furniture,Kisumu,1,160.84,160.84
2026-07-30,Desk Lamp,Furniture,Kisumu,7,43.93,307.51
2026-07-30,Notebook Pack,Stationery,Nairobi,2,230.0,460.0
2026-07-31,Wireless Mouse,Electronics,Nairobi,1,82.34,82.34
2026-07-31,Ballpoint Pens (Box),Stationery,Nakuru,7,154.45,1081.15
2026-07-31,Ballpoint Pens (Box),Stationery,Kisumu,3,29.32,87.96
2026-07-31,Office Chair,Furniture,Mombasa,4,96.42,385.68
2026-07-31,Desk Lamp,Furniture,Kisumu,2,120.27,240.54
2026-07-31,Ballpoint Pens (Box),Stationery,Nairobi,4,220.34,881.36
2026-07-31,Standing Desk,Furniture,Nairobi,7,30.43,213.01
2026-07-31,Bluetooth Speaker,Electronics,Kisumu,1,185.63,185.63
2026-07-31,Notebook Pack,Stationery,Nairobi,3,40.24,120.72
2026-08-01,Bluetooth Speaker,Electronics,Mombasa,5,286.14,1430.7
2026-08-01,Desk Lamp,Furniture,Nairobi,5,42.44,212.2
2026-08-01,Wireless Mouse,Electronics,Kisumu,7,103.83,726.81
2026-08-01,Office Chair,Furniture,Nakuru,2,82.57,165.14
2026-08-01,Bluetooth Speaker,Electronics,Nakuru,1,155.68,155.68
2026-08-01,Notebook Pack,Stationery,Nairobi,5,113.47,567.35
2026-08-01,Office Chair,Furniture,Nairobi,1,72.38,72.38
2026-08-01,Wireless Mouse,Electronics,Kisumu,8,77.14,617.12
2026-08-01,Ballpoint Pens (Box),Stationery,Nairobi,3,276.47,829.41
2026-08-01,Ballpoint Pens (Box),Stationery,Nakuru,4,71.23,284.92
2026-08-02,USB-C Hub,Electronics,,6,248.67,1492.02
2026-08-02,Wireless Mouse,Electronics,Nakuru,1,57.91,57.91
2026-08-02,Office Chair,Furniture,Kisumu,5,263.71,1318.55
2026-08-02,Desk Lamp,Furniture,Nairobi,8,30.48,243.84
2026-08-02,Desk Lamp,Furniture,Eldoret,5,64.2,321.0
2026-08-02,Standing Desk,Furniture,Mombasa,8,141.86,1134.88
2026-08-02,Standing Desk,Furniture,Nairobi,7,49.42,345.94
2026-08-02,Standing Desk,Furniture,Kisumu,1,164.76,164.76
2026-08-02,Wireless Mouse,Electronics,Kisumu,7,228.88,1602.16
2026-08-02,Office Chair,Furniture,Nakuru,4,65.53,262.12
2026-08-02,Bluetooth Speaker,Electronics,Kisumu,3,288.55,865.65
2026-08-02,Office Chair,Furniture,,4,17.95,71.8
2026-08-02,Ballpoint Pens (Box),Stationery,Nakuru,6,211.75,1270.5
2026-08-03,Office Chair,Furniture,Nairobi,7,154.1,1078.7
2026-08-03,Wireless Mouse,Electronics,Mombasa,3,133.32,399.96
2026-08-03,USB-C Hub,Electronics,Nakuru,6,81.99,491.94
2026-08-03,Desk Lamp,Furniture,Mombasa,5,98.83,494.15
2026-08-03,Office Chair,Furniture,Eldoret,3,283.35,850.05
2026-08-03,Office Chair,Furniture,Nakuru,3,50.85,152.55
2026-08-03,Bluetooth Speaker,Electronics,,2,97.64,195.28
2026-08-03,Desk Lamp,Furniture,Nakuru,4,289.57,1158.28
2026-08-03,USB-C Hub,Electronics,Nairobi,2,141.69,283.38
2026-06-06,USB-C Hub,Electronics,Eldoret,6,249.67,1498.02
